sku,product_name,forecast_demand,forecast_horizon_days,growth_rate,trend_direction,seasonality_detected,seasonality_strength,estimated_lost_demand,outliers_detected,large_client_orders_detected,model_used,baseline_mae,model_mae,forecast_confidence,forecast_as_of,supplier,category,lead_time_days,stock,in_transit,price,forecast_reason
SKU001,Electrical product 1,664.3373071557759,30,0.08514492753623193,stable,True,0.4916163581985219,186.5,7,1,random_forest,5.08363962326621,4.6446639235791745,medium,2025-02-03,Supplier 1,Category 1,7.0,182.0,0.0,500.0,"Forecast demand for the next 30 days is 664.3 units. Recent 30-day demand changed by +8.5% versus the previous period. Estimated historical lost demand: 186.5 units. Capped 1 large client orders and 7 daily outliers. Method: random_forest. Confidence is a heuristic, not a prediction interval."
SKU002,Electrical product 2,251.84628390706516,30,0.10389610389610393,increasing,True,0.38931172770499656,141.5,8,1,random_forest,3.5957467534121985,2.3131157777318236,medium,2025-02-03,Supplier 2,Category 2,14.0,190.0,0.0,580.0,"Forecast demand for the next 30 days is 251.8 units. Recent 30-day demand changed by +10.4% versus the previous period. Estimated historical lost demand: 141.5 units. Capped 1 large client orders and 8 daily outliers. Method: random_forest. Confidence is a heuristic, not a prediction interval."
SKU003,Electrical product 3,581.6852313286579,30,0.14431286147066924,increasing,True,0.4772452928695227,155.5,9,1,random_forest,4.447371330792728,4.109187444491468,medium,2025-02-03,Supplier 3,Category 3,21.0,200.0,0.0,660.0,"Forecast demand for the next 30 days is 581.7 units. Recent 30-day demand changed by +14.4% versus the previous period. Estimated historical lost demand: 155.5 units. Capped 1 large client orders and 9 daily outliers. Method: random_forest. Confidence is a heuristic, not a prediction interval."
SKU004,Electrical product 4,1076.7020582029356,30,0.1476510067114094,increasing,True,0.6008588709441001,299.0,10,1,random_forest,7.479062692353536,6.141005637499536,medium,2025-02-03,Supplier 4,Category 1,28.0,125.0,0.0,740.0,"Forecast demand for the next 30 days is 1076.7 units. Recent 30-day demand changed by +14.8% versus the previous period. Estimated historical lost demand: 299.0 units. Capped 1 large client orders and 10 daily outliers. Method: random_forest. Confidence is a heuristic, not a prediction interval."
SKU005,Electrical product 5,384.7148323985331,30,0.022091310751104487,stable,True,0.4977294900116325,202.5,4,1,random_forest,4.178766369599964,2.7673640114023015,medium,2025-02-03,Supplier 1,Category 2,7.0,184.0,0.0,820.0,"Forecast demand for the next 30 days is 384.7 units. Recent 30-day demand changed by +2.2% versus the previous period. Estimated historical lost demand: 202.5 units. Capped 1 large client orders and 4 daily outliers. Method: random_forest. Confidence is a heuristic, not a prediction interval."
SKU006,Electrical product 6,842.640525370141,30,0.15576323987538943,increasing,True,0.49016953442819494,292.5,4,1,random_forest,6.740018212199539,3.757065630766641,medium,2025-02-03,Supplier 2,Category 3,14.0,238.0,0.0,900.0,"Forecast demand for the next 30 days is 842.6 units. Recent 30-day demand changed by +15.6% versus the previous period. Estimated historical lost demand: 292.5 units. Capped 1 large client orders and 4 daily outliers. Method: random_forest. Confidence is a heuristic, not a prediction interval."
SKU007,Electrical product 7,1503.3691816160583,30,0.1985260248733305,increasing,True,0.6141925934992196,360.0,8,1,random_forest,10.684200643204582,7.511342039430738,medium,2025-02-03,Supplier 3,Category 1,21.0,263.0,0.0,980.0,"Forecast demand for the next 30 days is 1503.4 units. Recent 30-day demand changed by +19.9% versus the previous period. Estimated historical lost demand: 360.0 units. Capped 1 large client orders and 8 daily outliers. Method: random_forest. Confidence is a heuristic, not a prediction interval."
SKU008,Electrical product 8,473.4662901845941,30,0.04318181818181821,stable,True,0.5431977590994895,231.0,8,1,random_forest,4.164574425579775,3.004250852686882,medium,2025-02-03,Supplier 4,Category 2,28.0,184.0,0.0,1060.0,"Forecast demand for the next 30 days is 473.5 units. Recent 30-day demand changed by +4.3% versus the previous period. Estimated historical lost demand: 231.0 units. Capped 1 large client orders and 8 daily outliers. Method: random_forest. Confidence is a heuristic, not a prediction interval."
SKU009,Electrical product 9,877.4590010042494,30,0.11527423469387754,increasing,True,0.5997175451333974,340.5,3,1,random_forest,7.5089945783148595,5.008690447628179,medium,2025-02-03,Supplier 1,Category 3,7.0,134.0,0.0,1140.0,"Forecast demand for the next 30 days is 877.5 units. Recent 30-day demand changed by +11.5% versus the previous period. Estimated historical lost demand: 340.5 units. Capped 1 large client orders and 3 daily outliers. Method: random_forest. Confidence is a heuristic, not a prediction interval."
SKU010,Electrical product 10,1917.4581893051798,30,0.15100818878224898,increasing,True,0.6721670592364779,501.0,4,1,random_forest,14.27058785860894,10.635553537486201,medium,2025-02-03,Supplier 2,Category 1,14.0,242.0,0.0,1220.0,"Forecast demand for the next 30 days is 1917.5 units. Recent 30-day demand changed by +15.1% versus the previous period. Estimated historical lost demand: 501.0 units. Capped 1 large client orders and 4 daily outliers. Method: random_forest. Confidence is a heuristic, not a prediction interval."
SKU011,Electrical product 11,609.1738956551792,30,0.005322841934737532,stable,True,0.5800287512350146,310.5,3,1,random_forest,5.142992514341153,3.925284222667798,medium,2025-02-03,Supplier 3,Category 2,21.0,53.0,0.0,1300.0,"Forecast demand for the next 30 days is 609.2 units. Recent 30-day demand changed by +0.5% versus the previous period. Estimated historical lost demand: 310.5 units. Capped 1 large client orders and 3 daily outliers. Method: random_forest. Confidence is a heuristic, not a prediction interval."
SKU012,Electrical product 12,1245.3622425354504,30,0.13092783505154637,increasing,True,0.633026488552815,442.0,4,1,random_forest,9.785378510369785,4.538547700417952,medium,2025-02-03,Supplier 4,Category 3,28.0,202.0,0.0,1380.0,"Forecast demand for the next 30 days is 1245.4 units. Recent 30-day demand changed by +13.1% versus the previous period. Estimated historical lost demand: 442.0 units. Capped 1 large client orders and 4 daily outliers. Method: random_forest. Confidence is a heuristic, not a prediction interval."
SKU013,Electrical product 13,2263.2921307789434,30,0.23805493575440484,increasing,True,0.6891141993943389,557.5,5,1,random_forest,16.550975671978325,10.472325707898655,medium,2025-02-03,Supplier 1,Category 1,7.0,250.0,0.0,1460.0,"Forecast demand for the next 30 days is 2263.3 units. Recent 30-day demand changed by +23.8% versus the previous period. Estimated historical lost demand: 557.5 units. Capped 1 large client orders and 5 daily outliers. Method: random_forest. Confidence is a heuristic, not a prediction interval."
SKU014,Electrical product 14,766.969742724811,30,0.1791530944625408,increasing,True,0.6238066639290634,416.0,3,1,random_forest,6.219015365825583,4.074851554607825,medium,2025-02-03,Supplier 2,Category 2,14.0,188.0,0.0,1540.0,"Forecast demand for the next 30 days is 767.0 units. Recent 30-day demand changed by +17.9% versus the previous period. Estimated historical lost demand: 416.0 units. Capped 1 large client orders and 3 daily outliers. Method: random_forest. Confidence is a heuristic, not a prediction interval."
SKU015,Electrical product 15,1520.5642317366405,30,0.13735657546337166,increasing,True,0.7131584202355947,505.0,2,1,random_forest,9.43568580848482,5.299611585563281,medium,2025-02-03,Supplier 3,Category 3,21.0,96.0,0.0,1620.0,"Forecast demand for the next 30 days is 1520.6 units. Recent 30-day demand changed by +13.7% versus the previous period. Estimated historical lost demand: 505.0 units. Capped 1 large client orders and 2 daily outliers. Method: random_forest. Confidence is a heuristic, not a prediction interval."
SKU016,Electrical product 16,2485.418101894633,30,0.13314734973370523,increasing,True,0.7479198002030334,719.0,3,1,random_forest,15.893010973205632,9.503786638999921,medium,2025-02-03,Supplier 4,Category 1,28.0,87.0,0.0,1700.0,"Forecast demand for the next 30 days is 2485.4 units. Recent 30-day demand changed by +13.3% versus the previous period. Estimated historical lost demand: 719.0 units. Capped 1 large client orders and 3 daily outliers. Method: random_forest. Confidence is a heuristic, not a prediction interval."
SKU017,Electrical product 17,874.0088307418097,30,0.10738255033557054,increasing,True,0.6365978500384303,437.0,2,1,random_forest,7.595852665928989,5.192268634775727,medium,2025-02-03,Supplier 1,Category 2,7.0,231.0,0.0,1780.0,"Forecast demand for the next 30 days is 874.0 units. Recent 30-day demand changed by +10.7% versus the previous period. Estimated historical lost demand: 437.0 units. Capped 1 large client orders and 2 daily outliers. Method: random_forest. Confidence is a heuristic, not a prediction interval."
SKU018,Electrical product 18,1688.3701351578245,30,0.08168859649122817,stable,True,0.6988712956580633,602.5,2,1,random_forest,12.07378031372363,6.295096608172486,medium,2025-02-03,Supplier 2,Category 3,14.0,109.0,0.0,1860.0,"Forecast demand for the next 30 days is 1688.4 units. Recent 30-day demand changed by +8.2% versus the previous period. Estimated historical lost demand: 602.5 units. Capped 1 large client orders and 2 daily outliers. Method: random_forest. Confidence is a heuristic, not a prediction interval."
SKU019,Electrical product 19,2749.1859323176827,30,0.1463675213675215,increasing,True,0.7765408331063136,792.0,2,1,random_forest,18.438211282929554,15.792524486399872,medium,2025-02-03,Supplier 3,Category 1,21.0,158.0,0.0,1940.0,"Forecast demand for the next 30 days is 2749.2 units. Recent 30-day demand changed by +14.6% versus the previous period. Estimated historical lost demand: 792.0 units. Capped 1 large client orders and 2 daily outliers. Method: random_forest. Confidence is a heuristic, not a prediction interval."
SKU020,Electrical product 20,985.9857928994666,30,0.055878928987194376,stable,True,0.7182419122803988,501.0,2,1,random_forest,7.359905945901467,3.991124662644374,medium,2025-02-03,Supplier 4,Category 2,28.0,230.0,0.0,2020.0,"Forecast demand for the next 30 days is 986.0 units. Recent 30-day demand changed by +5.6% versus the previous period. Estimated historical lost demand: 501.0 units. Capped 1 large client orders and 2 daily outliers. Method: random_forest. Confidence is a heuristic, not a prediction interval."
